product_name,price,rating,stock_quantity,product_url,scraped_at
A Light in the Attic,Â£51.77,Three,22,https://books.toscrape.com/catalogue/a-light-in-the-attic_1000/index.html,2026-10-04 08:20:43.219984+00:00
Tipping the Velvet,Â£53.74,One,20,https://books.toscrape.com/catalogue/tipping-the-velvet_999/index.html,2026-10-04 08:20:44.447042+00:00
Soumission,Â£50.10,One,20,https://books.toscrape.com/catalogue/soumission_998/index.html,2026-10-04 08:20:45.664456+00:00
Sharp Objects,Â£47.82,Four,20,https://books.toscrape.com/catalogue/sharp-objects_997/index.html,2026-10-04 08:20:46.919549+00:00
Sapiens: A Brief History of Humankind,Â£54.23,Five,20,https://books.toscrape.com/catalogue/sapiens-a-brief-history-of-humankind_996/index.html,2026-10-04 08:20:48.174752+00:00
The Requiem Red,Â£22.65,One,19,https://books.toscrape.com/catalogue/the-requiem-red_995/index.html,2026-10-04 08:20:49.423027+00:00
The Dirty Little Secrets of Getting Your Dream Job,Â£33.34,Four,19,https://books.toscrape.com/catalogue/the-dirty-little-secrets-of-getting-your-dream-job_994/index.html,2026-10-04 08:20:50.683694+00:00
"The Coming Woman: A Novel Based on the Life of the Infamous Feminist, Victoria Woodhull",Â£17.93,Three,19,https://books.toscrape.com/catalogue/the-coming-woman-a-novel-based-on-the-life-of-the-infamous-feminist-victoria-woodhull_993/index.html,2026-10-04 08:20:51.958587+00:00
The Boys in the Boat: Nine Americans and Their Epic Quest for Gold at the 1936 Berlin Olympics,Â£22.60,Four,19,https://books.toscrape.com/catalogue/the-boys-in-the-boat-nine-americans-and-their-epic-quest-for-gold-at-the-1936-berlin-olympics_992/index.html,2026-10-04 08:20:53.247668+00:00
The Black Maria,Â£52.15,One,19,https://books.toscrape.com/catalogue/the-black-maria_991/index.html,2026-10-04 08:20:54.518086+00:00
"Starving Hearts (Triangular Trade Trilogy, #1)",Â£13.99,Two,19,https://books.toscrape.com/catalogue/starving-hearts-triangular-trade-trilogy-1_990/index.html,2026-10-04 08:20:55.778126+00:00
Shakespeare's Sonnets,Â£20.66,Four,19,https://books.toscrape.com/catalogue/shakespeares-sonnets_989/index.html,2026-10-04 08:20:57.083668+00:00
Set Me Free,Â£17.46,Five,19,https://books.toscrape.com/catalogue/set-me-free_988/index.html,2026-10-04 08:20:58.326782+00:00
Scott Pilgrim's Precious Little Life (Scott Pilgrim #1),Â£52.29,Five,19,https://books.toscrape.com/catalogue/scott-pilgrims-precious-little-life-scott-pilgrim-1_987/index.html,2026-10-04 08:20:59.595854+00:00
Rip it Up and Start Again,Â£35.02,Five,19,https://books.toscrape.com/catalogue/rip-it-up-and-start-again_986/index.html,2026-10-04 08:21:00.853649+00:00
"Our Band Could Be Your Life: Scenes from the American Indie Underground, 1981-1991",Â£57.25,Three,19,https://books.toscrape.com/catalogue/our-band-could-be-your-life-scenes-from-the-american-indie-underground-1981-1991_985/index.html,2026-10-04 08:21:02.121671+00:00
Olio,Â£23.88,One,19,https://books.toscrape.com/catalogue/olio_984/index.html,2026-10-04 08:21:03.354092+00:00
Mesaerion: The Best Science Fiction Stories 1800-1849,Â£37.59,One,19,https://books.toscrape.com/catalogue/mesaerion-the-best-science-fiction-stories-1800-1849_983/index.html,2026-10-04 08:21:04.574725+00:00
Libertarianism for Beginners,Â£51.33,Two,19,https://books.toscrape.com/catalogue/libertarianism-for-beginners_982/index.html,2026-10-04 08:21:05.798634+00:00
It's Only the Himalayas,Â£45.17,Two,19,https://books.toscrape.com/catalogue/its-only-the-himalayas_981/index.html,2026-10-04 08:21:07.057266+00:00
